name,description,price,imageUrl,categoryId,stockQuantity
Electronics Smartphone 001,6.5" OLED display, dual SIM, 128GB,499.99,https://loremflickr.com/600/400/smartphone?lock=1001,1,120
Electronics Smartphone 002,6.1" AMOLED, 5G, 256GB,549.99,https://loremflickr.com/600/400/smartphone?lock=1002,1,110
Electronics Smartphone 003,6.7" OLED, 8GB RAM, 128GB,579.00,https://loremflickr.com/600/400/smartphone?lock=1003,1,95
Electronics Smartphone 004,6.5" IPS, 6GB RAM, 64GB,299.00,https://loremflickr.com/600/400/smartphone?lock=1004,1,150
Electronics Smartphone 005,6.8" AMOLED, 12GB/256GB,699.00,https://loremflickr.com/600/400/smartphone?lock=1005,1,80
Electronics Laptop 006,14" ultrabook, 16GB RAM, 512GB SSD,1099.00,https://loremflickr.com/600/400/laptop?lock=1006,1,55
Electronics Laptop 007,15.6" gaming, RTX GPU, 1TB SSD,1499.00,https://loremflickr.com/600/400/laptop?lock=1007,1,35
Electronics Laptop 008,13" lightweight, 8GB/256GB,899.00,https://loremflickr.com/600/400/laptop?lock=1008,1,75
Electronics Earbuds 009,Wireless earbuds with ANC,79.00,https://loremflickr.com/600/400/earbuds?lock=1009,1,200
Electronics Headphones 010,Over‑ear ANC 30h battery,149.50,https://loremflickr.com/600/400/headphones?lock=1010,1,180
Electronics Smartwatch 011,AMOLED, GPS, heart‑rate,179.00,https://loremflickr.com/600/400/smartwatch?lock=1011,1,130
Electronics Tablet 012,10.5" display, 128GB, Wi‑Fi,329.00,https://loremflickr.com/600/400/tablet?lock=1012,1,140
Electronics Camera 013,Mirrorless 24MP, 4K video,699.00,https://loremflickr.com/600/400/camera?lock=1013,1,60
Electronics Drone 014,4K camera, 3‑axis gimbal,799.00,https://loremflickr.com/600/400/drone?lock=1014,1,40
Electronics Speaker 015,Bluetooth speaker, 20W,49.99,https://loremflickr.com/600/400/speaker?lock=1015,1,210
Electronics Console 016,Next‑gen gaming console,499.00,https://loremflickr.com/600/400/console?lock=1016,1,45
Electronics Monitor 017,27" 144Hz IPS,279.00,https://loremflickr.com/600/400/monitor?lock=1017,1,85
Electronics Keyboard 018,Mechanical RGB keyboard,89.00,https://loremflickr.com/600/400/keyboard?lock=1018,1,160
Electronics Mouse 019,Wireless ergonomic mouse,39.00,https://loremflickr.com/600/400/mouse?lock=1019,1,190
Electronics Router 020,Wi‑Fi 6 dual‑band router,99.00,https://loremflickr.com/600/400/router?lock=1020,1,130
Electronics SSD 021,1TB NVMe SSD,109.00,https://loremflickr.com/600/400/ssd?lock=1021,1,200
Electronics Power Bank 022,20000mAh PD fast charge,49.00,https://loremflickr.com/600/400/powerbank?lock=1022,1,220
Electronics Charger 023,65W USB‑C GaN charger,39.00,https://loremflickr.com/600/400/charger?lock=1023,1,260
Electronics Webcam 024,1080p autofocus webcam,59.00,https://loremflickr.com/600/400/webcam?lock=1024,1,140
Electronics Microphone 025,USB condenser mic,79.00,https://loremflickr.com/600/400/microphone?lock=1025,1,120
Electronics E‑reader 026,6" e‑ink, front light,119.00,https://loremflickr.com/600/400/ereader?lock=1026,1,110
Electronics Projector 027,1080p LED projector,229.00,https://loremflickr.com/600/400/projector?lock=1027,1,70
Electronics Soundbar 028,2.1ch soundbar with sub,199.00,https://loremflickr.com/600/400/soundbar?lock=1028,1,65
Electronics VR Headset 029,Immersive VR, inside‑out tracking,399.00,https://loremflickr.com/600/400/vr?lock=1029,1,50
Electronics Graphics Card 030,8GB GDDR6 GPU,349.00,https://loremflickr.com/600/400/gpu?lock=1030,1,30
Electronics Motherboard 031,ATX board, Wi‑Fi,179.00,https://loremflickr.com/600/400/motherboard?lock=1031,1,55
Electronics CPU Cooler 032,120mm RGB AIO,89.00,https://loremflickr.com/600/400/cooler?lock=1032,1,75
Electronics RAM Kit 033,16GB DDR4 3200,59.00,https://loremflickr.com/600/400/ram?lock=1033,1,140
Electronics USB Hub 034,7‑port USB 3.0 hub,29.00,https://loremflickr.com/600/400/usb?lock=1034,1,160
Electronics Ext HDD 035,2TB portable HDD,69.00,https://loremflickr.com/600/400/hdd?lock=1035,1,120
Electronics NAS 036,2‑bay NAS enclosure,199.00,https://loremflickr.com/600/400/nas?lock=1036,1,25
Electronics Action Cam 037,4K waterproof action cam,149.00,https://loremflickr.com/600/400/actioncamera?lock=1037,1,90
Electronics Tripod 038,Aluminum tripod, ball head,49.00,https://loremflickr.com/600/400/tripod?lock=1038,1,140
Electronics Gimbal 039,3‑axis smartphone gimbal,119.00,https://loremflickr.com/600/400/gimbal?lock=1039,1,80
Electronics Power Strip 040,6‑outlet surge protector,24.00,https://loremflickr.com/600/400/powerstrip?lock=1040,1,200
Electronics Cables Set 041,USB‑C/Lightning/Micro‑USB set,19.00,https://loremflickr.com/600/400/cable?lock=1041,1,260
Electronics Car Mount 042,MagSafe compatible car mount,29.00,https://loremflickr.com/600/400/carmount?lock=1042,1,180
Electronics Case 043,Shockproof phone case,19.00,https://loremflickr.com/600/400/phonecase?lock=1043,1,210
Electronics Screen Guard 044,Tempered glass 2‑pack,12.00,https://loremflickr.com/600/400/screenguard?lock=1044,1,300
Electronics Dock 045,USB‑C multiport dock,79.00,https://loremflickr.com/600/400/dock?lock=1045,1,70
Electronics Smart Plug 046,Wi‑Fi smart plug 2‑pack,24.00,https://loremflickr.com/600/400/smartplug?lock=1046,1,180
Electronics Smart Bulb 047,RGB smart bulb, voice control,14.00,https://loremflickr.com/600/400/smartbulb?lock=1047,1,220
Electronics Mesh Wi‑Fi 048,Mesh Wi‑Fi node,129.00,https://loremflickr.com/600/400/mesh?lock=1048,1,45
Electronics UPS 049,850VA UPS backup,99.00,https://loremflickr.com/600/400/ups?lock=1049,1,60
Electronics KVM Switch 050,2‑port HDMI KVM,89.00,https://loremflickr.com/600/400/kvm?lock=1050,1,35

Fashion Leather Jacket 001,Genuine leather biker jacket, slim fit,179.00,https://loremflickr.com/600/400/jacket?lock=2001,2,70
Fashion Sneakers 002,Breathable canvas sneakers, cushioned insole,64.99,https://loremflickr.com/600/400/sneakers?lock=2002,2,150
Fashion Sunglasses 003,Polarized aviator sunglasses,49.50,https://loremflickr.com/600/400/sunglasses?lock=2003,2,130
Fashion Dress 004,Summer floral midi dress,59.00,https://loremflickr.com/600/400/dress?lock=2004,2,95
Fashion T‑Shirt 005,100% cotton crew neck tee,14.99,https://loremflickr.com/600/400/tshirt?lock=2005,2,320
Fashion Jeans 006,Straight fit denim jeans,49.00,https://loremflickr.com/600/400/jeans?lock=2006,2,150
Fashion Hoodie 007,Soft fleece hoodie,39.50,https://loremflickr.com/600/400/hoodie?lock=2007,2,170
Fashion Coat 008,Wool blend overcoat,149.00,https://loremflickr.com/600/400/coat?lock=2008,2,60
Fashion Skirt 009,High‑waist pleated skirt,39.00,https://loremflickr.com/600/400/skirt?lock=2009,2,110
Fashion Heels 010,Classic pointed heels,69.00,https://loremflickr.com/600/400/heels?lock=2010,2,90
Fashion Boots 011,Leather ankle boots,89.00,https://loremflickr.com/600/400/boots?lock=2011,2,80
Fashion Sandals 012,Flat sandals with straps,24.99,https://loremflickr.com/600/400/sandals?lock=2012,2,140
Fashion Watch 013,Minimal steel watch,99.00,https://loremflickr.com/600/400/watch?lock=2013,2,75
Fashion Bag 014,Leather crossbody bag,89.00,https://loremflickr.com/600/400/handbag?lock=2014,2,85
Fashion Backpack 015,Canvas city backpack,49.00,https://loremflickr.com/600/400/backpack?lock=2015,2,120
Fashion Belt 016,Full‑grain leather belt,29.00,https://loremflickr.com/600/400/belt?lock=2016,2,160
Fashion Hat 017,Wool fedora hat,39.00,https://loremflickr.com/600/400/hat?lock=2017,2,70
Fashion Scarf 018,Cashmere blend scarf,34.00,https://loremflickr.com/600/400/scarf?lock=2018,2,100
Fashion Gloves 019,Leather gloves, fleece lined,29.00,https://loremflickr.com/600/400/gloves?lock=2019,2,90
Fashion Beanie 020,Knit beanie, ribbed cuff,19.00,https://loremflickr.com/600/400/beanie?lock=2020,2,140
Fashion Suit 021,Two‑piece tailored suit,199.00,https://loremflickr.com/600/400/suit?lock=2021,2,40
Fashion Blazer 022,Single‑breasted blazer,99.00,https://loremflickr.com/600/400/blazer?lock=2022,2,65
Fashion Shirt 023,Oxford cotton shirt,39.00,https://loremflickr.com/600/400/shirt?lock=2023,2,180
Fashion Polo 024,Classic pique polo,29.00,https://loremflickr.com/600/400/polo?lock=2024,2,190
Fashion Chinos 025,Slim fit chinos,44.00,https://loremflickr.com/600/400/chinos?lock=2025,2,130
Fashion Cardigan 026,Knit cardigan, buttons,49.00,https://loremflickr.com/600/400/cardigan?lock=2026,2,75
Fashion Sweater 027,Wool crew sweater,59.00,https://loremflickr.com/600/400/sweater?lock=2027,2,95
Fashion Tracksuit 028,Zip hoodie + joggers set,79.00,https://loremflickr.com/600/400/tracksuit?lock=2028,2,85
Fashion Sports Bra 029,Medium support sports bra,24.00,https://loremflickr.com/600/400/sportsbra?lock=2029,2,110
Fashion Leggings 030,High‑waist leggings,29.00,https://loremflickr.com/600/400/leggings?lock=2030,2,170
Fashion Shorts 031,Cotton chino shorts,24.00,https://loremflickr.com/600/400/shorts?lock=2031,2,140
Fashion Swimwear 032,One‑piece swimsuit,39.00,https://loremflickr.com/600/400/swimsuit?lock=2032,2,90
Fashion Trench 033,Classic trench coat,129.00,https://loremflickr.com/600/400/trenchcoat?lock=2033,2,50
Fashion Loafers 034,Leather loafers,79.00,https://loremflickr.com/600/400/loafers?lock=2034,2,70
Fashion Flats 035,Ballet flats, round toe,29.00,https://loremflickr.com/600/400/flats?lock=2035,2,120
Fashion Running Shoes 036,Cushioned road runners,79.00,https://loremflickr.com/600/400/runningshoes?lock=2036,2,160
Fashion Hiking Boots 037,Waterproof hiking boots,99.00,https://loremflickr.com/600/400/hikingboots?lock=2037,2,60
Fashion Slippers 038,Memory foam slippers,19.00,https://loremflickr.com/600/400/slippers?lock=2038,2,140
Fashion Nightwear 039,Cotton pajama set,29.00,https://loremflickr.com/600/400/pajamas?lock=2039,2,130
Fashion Socks 040,Ankle socks 6‑pack,12.00,https://loremflickr.com/600/400/socks?lock=2040,2,260
Fashion Tie 041,Silk tie, classic width,19.00,https://loremflickr.com/600/400/tie?lock=2041,2,150
Fashion Wallet 042,Leather bifold wallet,39.00,https://loremflickr.com/600/400/wallet?lock=2042,2,120
Fashion Necklace 043,Minimal pendant necklace,29.00,https://loremflickr.com/600/400/necklace?lock=2043,2,110
Fashion Bracelet 044,Stainless link bracelet,24.00,https://loremflickr.com/600/400/bracelet?lock=2044,2,140
Fashion Earrings 045,Hoop earrings, gold tone,19.00,https://loremflickr.com/600/400/earrings?lock=2045,2,150
Fashion Cap 046,Cotton baseball cap,15.00,https://loremflickr.com/600/400/cap?lock=2046,2,180
Fashion Sunglasses 047,Wayfarer sunglasses,45.00,https://loremflickr.com/600/400/sunglasses?lock=2047,2,130
Fashion Backpack 048,Travel backpack 28L,69.00,https://loremflickr.com/600/400/backpack?lock=2048,2,80
Fashion Duffel 049,Weekend duffel bag,59.00,https://loremflickr.com/600/400/duffelbag?lock=2049,2,70
Fashion Watch 050,Chronograph steel watch,129.00,https://loremflickr.com/600/400/watch?lock=2050,2,65

Home & Kitchen Blender 001,1500W high‑speed blender, 1.8L,92.00,https://loremflickr.com/600/400/blender?lock=3001,3,90
Home & Kitchen Cookware 002,10‑piece stainless cookware,139.99,https://loremflickr.com/600/400/cookware?lock=3002,3,80
Home & Kitchen Air Fryer 003,4.5L digital air fryer,99.00,https://loremflickr.com/600/400/airfryer?lock=3003,3,95
Home & Kitchen Coffee Maker 004,12‑cup programmable,79.00,https://loremflickr.com/600/400/coffeemaker?lock=3004,3,120
Home & Kitchen Kettle 005,1.7L electric kettle,34.00,https://loremflickr.com/600/400/kettle?lock=3005,3,160
Home & Kitchen Toaster 006,4‑slice toaster,29.00,https://loremflickr.com/600/400/toaster?lock=3006,3,140
Home & Kitchen Mixer 007,Stand mixer 5L bowl,159.00,https://loremflickr.com/600/400/mixer?lock=3007,3,70
Home & Kitchen Knife Set 008,Chef knife set 6‑pc,49.00,https://loremflickr.com/600/400/knives?lock=3008,3,130
Home & Kitchen Cutting Board 009,Bamboo cutting board,19.00,https://loremflickr.com/600/400/cuttingboard?lock=3009,3,190
Home & Kitchen Pressure Cooker 010,6L electric cooker,89.00,https://loremflickr.com/600/400/pressurecooker?lock=3010,3,85
Home & Kitchen Food Processor 011,800W food processor,99.00,https://loremflickr.com/600/400/foodprocessor?lock=3011,3,75
Home & Kitchen Juicer 012,Slow juicer, anti‑drip,119.00,https://loremflickr.com/600/400/juicer?lock=3012,3,65
Home & Kitchen Rice Cooker 013,5‑cup rice cooker,39.00,https://loremflickr.com/600/400/ricecooker?lock=3013,3,150
Home & Kitchen Grill 014,Electric grill, non‑stick,59.00,https://loremflickr.com/600/400/grill?lock=3014,3,110
Home & Kitchen Pan Set 015,Non‑stick pan set,79.00,https://loremflickr.com/600/400/pan?lock=3015,3,100
Home & Kitchen Cast Iron 016,Cast iron skillet,12",49.00,https://loremflickr.com/600/400/skillet?lock=3016,3,90
Home & Kitchen Dutch Oven 017,5.5qt enamel Dutch oven,79.00,https://loremflickr.com/600/400/dutchoven?lock=3017,3,80
Home & Kitchen Baking Set 018,Sheet pans + racks,39.00,https://loremflickr.com/600/400/baking?lock=3018,3,120
Home & Kitchen Measuring Set 019,Cups & spoons set,14.00,https://loremflickr.com/600/400/measuring?lock=3019,3,160
Home & Kitchen Storage Jars 020,Glass jars set,24.00,https://loremflickr.com/600/400/jars?lock=3020,3,140
Home & Kitchen Dish Rack 021,Stainless dish drying rack,34.00,https://loremflickr.com/600/400/dishrack?lock=3021,3,110
Home & Kitchen Trash Can 022,Step trash can 30L,49.00,https://loremflickr.com/600/400/trashcan?lock=3022,3,70
Home & Kitchen Water Filter 023,Pitcher water filter,29.00,https://loremflickr.com/600/400/waterfilter?lock=3023,3,150
Home & Kitchen Lunch Box 024,Insulated lunch bag,19.00,https://loremflickr.com/600/400/lunchbox?lock=3024,3,160
Home & Kitchen Thermos 025,Vacuum flask 1L,24.00,https://loremflickr.com/600/400/thermos?lock=3025,3,140
Home & Kitchen Napkins 026,Cotton kitchen napkins,12.00,https://loremflickr.com/600/400/napkin?lock=3026,3,190
Home & Kitchen Apron 027,Cotton apron, adjustable,14.00,https://loremflickr.com/600/400/apron?lock=3027,3,180
Home & Kitchen Oven Mitts 028,Heat‑resistant mitts,12.00,https://loremflickr.com/600/400/mitts?lock=3028,3,170
Home & Kitchen Spice Rack 029,Rotating spice rack,29.00,https://loremflickr.com/600/400/spicerack?lock=3029,3,100
Home & Kitchen Oil Dispenser 030,Glass oil dispenser,12.00,https://loremflickr.com/600/400/oil?lock=3030,3,150
Home & Kitchen Salad Spinner 031,Large salad spinner,24.00,https://loremflickr.com/600/400/salad?lock=3031,3,120
Home & Kitchen Peeler Set 032,3‑pc vegetable peelers,9.00,https://loremflickr.com/600/400/peeler?lock=3032,3,220
Home & Kitchen Kitchen Scale 033,Digital gram scale,19.00,https://loremflickr.com/600/400/scale?lock=3033,3,130
Home & Kitchen Colander 034,Stainless steel colander,12.00,https://loremflickr.com/600/400/colander?lock=3034,3,180
Home & Kitchen Utensil Set 035,Silicone utensils 11‑pc,29.00,https://loremflickr.com/600/400/utensils?lock=3035,3,160
Home & Kitchen Ice Tray 036,Silicone ice cube tray,7.00,https://loremflickr.com/600/400/icetray?lock=3036,3,260
Home & Kitchen Mug Set 037,Ceramic mugs 6‑pc,19.00,https://loremflickr.com/600/400/mug?lock=3037,3,170
Home & Kitchen Glass Set 038,Drinking glasses 12‑pc,24.00,https://loremflickr.com/600/400/glass?lock=3038,3,150
Home & Kitchen Plate Set 039,Porcelain plates 16‑pc,39.00,https://loremflickr.com/600/400/plates?lock=3039,3,130
Home & Kitchen Bowl Set 040,Cereal bowls 6‑pc,18.00,https://loremflickr.com/600/400/bowl?lock=3040,3,180
Home & Kitchen Cutlery Set 041,24‑pc stainless cutlery,29.00,https://loremflickr.com/600/400/cutlery?lock=3041,3,160
Home & Kitchen Teapot 042,Glass teapot infuser,19.00,https://loremflickr.com/600/400/teapot?lock=3042,3,120
Home & Kitchen Spice Jars 043,Spice jars with labels,21.00,https://loremflickr.com/600/400/spice?lock=3043,3,150
Home & Kitchen Kitchen Towels 044,Absorbent towels 6‑pc,16.00,https://loremflickr.com/600/400/towel?lock=3044,3,200
Home & Kitchen Dish Soap 045,Lemon dish soap 1L,6.00,https://loremflickr.com/600/400/soap?lock=3045,3,240
Home & Kitchen Sponge Pack 046,Non‑scratch sponges 12‑pc,7.00,https://loremflickr.com/600/400/sponge?lock=3046,3,220
Home & Kitchen Foil & Wrap 047,Aluminum foil + wrap set,9.00,https://loremflickr.com/600/400/foil?lock=3047,3,200
Home & Kitchen Storage Bins 048,Pantry storage bins 4‑pc,24.00,https://loremflickr.com/600/400/storage?lock=3048,3,140
Home & Kitchen Vacuum Sealer 049,Food vacuum sealer,69.00,https://loremflickr.com/600/400/vacuum?lock=3049,3,60
Home & Kitchen Water Bottle 050,Insulated bottle 1L,19.00,https://loremflickr.com/600/400/bottle?lock=3050,3,180

Books Programming 001,Modern Java for Beginners to Advanced,44.00,https://loremflickr.com/600/400/book?lock=4001,4,140
Books Classics 002,Timeless literature anthology,39.99,https://loremflickr.com/600/400/book?lock=4002,4,200
Books Cookbook 003,Quick family recipes collection,24.50,https://loremflickr.com/600/400/cookbook?lock=4003,4,160
Books Mystery 004,Suspenseful detective novel,19.00,https://loremflickr.com/600/400/mystery?lock=4004,4,180
Books Sci‑Fi 005,Space opera adventure,21.00,https://loremflickr.com/600/400/scifi?lock=4005,4,170
Books Fantasy 006,Dragons and magic saga,22.00,https://loremflickr.com/600/400/fantasy?lock=4006,4,160
Books Thriller 007,Edge‑of‑seat thriller,20.00,https://loremflickr.com/600/400/thriller?lock=4007,4,150
Books Romance 008,Heartwarming love story,18.00,https://loremflickr.com/600/400/romance?lock=4008,4,190
Books Biography 009,Inspiring life journey,23.00,https://loremflickr.com/600/400/biography?lock=4009,4,140
Books History 010,World history compendium,27.00,https://loremflickr.com/600/400/history?lock=4010,4,120
Books Self‑Help 011,Habits and productivity,19.00,https://loremflickr.com/600/400/selfhelp?lock=4011,4,200
Books Business 012,Entrepreneurship and strategy,24.00,https://loremflickr.com/600/400/business?lock=4012,4,180
Books Finance 013,Personal finance guide,22.00,https://loremflickr.com/600/400/finance?lock=4013,4,170
Books Marketing 014,Digital marketing playbook,24.00,https://loremflickr.com/600/400/marketing?lock=4014,4,160
Books Leadership 015,Principles of leadership,23.00,https://loremflickr.com/600/400/leadership?lock=4015,4,150
Books Psychology 016,Human behavior insights,22.00,https://loremflickr.com/600/400/psychology?lock=4016,4,170
Books Philosophy 017,Ancient to modern thought,21.00,https://loremflickr.com/600/400/philosophy?lock=4017,4,140
Books Art 018,Art history and techniques,26.00,https://loremflickr.com/600/400/art?lock=4018,4,120
Books Photography 019,Composition and lighting,25.00,https://loremflickr.com/600/400/photography?lock=4019,4,130
Books Travel 020,Destinations and guides,24.00,https://loremflickr.com/600/400/travel?lock=4020,4,160
Books Health 021,Wellness and nutrition,23.00,https://loremflickr.com/600/400/health?lock=4021,4,180
Books Fitness 022,Workout plans and recovery,22.00,https://loremflickr.com/600/400/fitness?lock=4022,4,170
Books Cooking 023,International cuisines,24.00,https://loremflickr.com/600/400/cooking?lock=4023,4,160
Books Gardening 024,Urban gardening basics,21.00,https://loremflickr.com/600/400/gardening?lock=4024,4,150
Books DIY 025,Home improvement guide,23.00,https://loremflickr.com/600/400/diy?lock=4025,4,140
Books Parenting 026,Positive parenting,20.00,https://loremflickr.com/600/400/parenting?lock=4026,4,150
Books Education 027,Learning techniques,22.00,https://loremflickr.com/600/400/education?lock=4027,4,160
Books Language 028,Learn Spanish basics,21.00,https://loremflickr.com/600/400/language?lock=4028,4,150
Books Programming 029,Python from zero to hero,44.00,https://loremflickr.com/600/400/programming?lock=4029,4,140
Books Cloud 030,Cloud computing fundamentals,29.00,https://loremflickr.com/600/400/cloud?lock=4030,4,150
Books AI 031,Machine learning guide,34.00,https://loremflickr.com/600/400/ai?lock=4031,4,160
Books Data 032,Data science handbook,36.00,https://loremflickr.com/600/400/data?lock=4032,4,150
Books Blockchain 033,Blockchain essentials,32.00,https://loremflickr.com/600/400/blockchain?lock=4033,4,140
Books UX 034,Design principles and patterns,28.00,https://loremflickr.com/600/400/design?lock=4034,4,150
Books Math 035,Discrete mathematics essentials,27.00,https://loremflickr.com/600/400/math?lock=4035,4,140
Books Physics 036,Physics for curious minds,26.00,https://loremflickr.com/600/400/physics?lock=4036,4,140
Books Chemistry 037,Everyday chemistry,24.00,https://loremflickr.com/600/400/chemistry?lock=4037,4,150
Books Biology 038,Life sciences overview,24.00,https://loremflickr.com/600/400/biology?lock=4038,4,150
Books Astronomy 039,Stargazing and cosmos,25.00,https://loremflickr.com/600/400/astronomy?lock=4039,4,140
Books Medicine 040,Introduction to medicine,35.00,https://loremflickr.com/600/400/medicine?lock=4040,4,120
Books Nursing 041,Clinical skills handbook,33.00,https://loremflickr.com/600/400/nursing?lock=4041,4,120
Books Law 042,Law basics and cases,31.00,https://loremflickr.com/600/400/law?lock=4042,4,130
Books Politics 043,Governance and policy,29.00,https://loremflickr.com/600/400/politics?lock=4043,4,140
Books Economics 044,Micro and macro economics,30.00,https://loremflickr.com/600/400/economics?lock=4044,4,120
Books Sociology 045,Society and culture,28.00,https://loremflickr.com/600/400/sociology?lock=4045,4,130
Books Anthropology 046,Human origins and cultures,28.00,https://loremflickr.com/600/400/anthropology?lock=4046,4,120
Books Religion 047,World religions overview,27.00,https://loremflickr.com/600/400/religion?lock=4047,4,110
Books Poetry 048,Modern poems collection,22.00,https://loremflickr.com/600/400/poetry?lock=4048,4,150
Books Drama 049,Plays and performances,23.00,https://loremflickr.com/600/400/drama?lock=4049,4,120
Books Essays 050,Selected essays anthology,24.00,https://loremflickr.com/600/400/essay?lock=4050,4,140

Sports & Outdoors Bike 001,Trail mountain bike 27.5",489.00,https://loremflickr.com/600/400/mountainbike?lock=5001,5,28
Sports & Outdoors Tent 002,Camping tent 4‑person,139.00,https://loremflickr.com/600/400/tent?lock=5002,5,60
Sports & Outdoors Yoga Mat 003,Pro yoga mat 6mm,29.99,https://loremflickr.com/600/400/yoga?lock=5003,5,180
Sports & Outdoors Backpack 004,Hiking backpack 40L,59.00,https://loremflickr.com/600/400/hiking?lock=5004,5,90
Sports & Outdoors Water Bottle 005,Insulated stainless bottle,19.00,https://loremflickr.com/600/400/bottle?lock=5005,5,160
Sports & Outdoors Trekking Poles 006,Lightweight trekking poles,34.00,https://loremflickr.com/600/400/trekking?lock=5006,5,110
Sports & Outdoors Kayak 007,Inflatable kayak 1‑person,199.00,https://loremflickr.com/600/400/kayak?lock=5007,5,35
Sports & Outdoors Paddle 008,Kayak paddle adjustable,39.00,https://loremflickr.com/600/400/paddle?lock=5008,5,140
Sports & Outdoors Sleeping Bag 009,3‑season sleeping bag,49.00,https://loremflickr.com/600/400/sleepingbag?lock=5009,5,120
Sports & Outdoors Stove 010,Portable camping stove,29.00,https://loremflickr.com/600/400/stove?lock=5010,5,100
Sports & Outdoors Lantern 011,Rechargeable camp lantern,24.00,https://loremflickr.com/600/400/lantern?lock=5011,5,130
Sports & Outdoors Headlamp 012,LED headlamp USB‑C,19.00,https://loremflickr.com/600/400/headlamp?lock=5012,5,180
Sports & Outdoors Hammock 013,Parachute nylon hammock,29.00,https://loremflickr.com/600/400/hammock?lock=5013,5,110
Sports & Outdoors Cooler 014,Insulated cooler 28qt,39.00,https://loremflickr.com/600/400/cooler?lock=5014,5,90
Sports & Outdoors Binoculars 015,10x50 binoculars,59.00,https://loremflickr.com/600/400/binoculars?lock=5015,5,75
Sports & Outdoors Compass 016,Liquid‑filled compass,12.00,https://loremflickr.com/600/400/compass?lock=5016,5,140
Sports & Outdoors GPS Watch 017,Outdoor GPS smartwatch,199.00,https://loremflickr.com/600/400/gps?lock=5017,5,45
Sports & Outdoors Multi‑tool 018,Stainless multi‑tool,29.00,https://loremflickr.com/600/400/multitool?lock=5018,5,130
Sports & Outdoors First Aid 019,Compact first aid kit,19.00,https://loremflickr.com/600/400/firstaid?lock=5019,5,170
Sports & Outdoors Chair 020,Folding camp chair,24.00,https://loremflickr.com/600/400/chair?lock=5020,5,160
Sports & Outdoors Table 021,Portable folding table,29.00,https://loremflickr.com/600/400/table?lock=5021,5,100
Sports & Outdoors Grill 022,Portable charcoal grill,34.00,https://loremflickr.com/600/400/grill?lock=5022,5,90
Sports & Outdoors Fishing Rod 023,Telescopic fishing rod,39.00,https://loremflickr.com/600/400/fishing?lock=5023,5,80
Sports & Outdoors Tackle Box 024,Waterproof tackle box,19.00,https://loremflickr.com/600/400/tackle?lock=5024,5,120
Sports & Outdoors Helmet 025,Multi‑sport helmet,29.00,https://loremflickr.com/600/400/helmet?lock=5025,5,110
Sports & Outdoors Gloves 026,Outdoor gloves, touch tips,19.00,https://loremflickr.com/600/400/gloves?lock=5026,5,150
Sports & Outdoors Socks 027,Merino hiking socks,14.00,https://loremflickr.com/600/400/socks?lock=5027,5,160
Sports & Outdoors Hat 028,Sun hat UPF50+,19.00,https://loremflickr.com/600/400/hat?lock=5028,5,140
Sports & Outdoors Boots 029,Waterproof hiking boots,99.00,https://loremflickr.com/600/400/boots?lock=5029,5,60
Sports & Outdoors Jacket 030,Windproof softshell jacket,79.00,https://loremflickr.com/600/400/jacket?lock=5030,5,70
Sports & Outdoors Pants 031,Quick‑dry hiking pants,49.00,https://loremflickr.com/600/400/pants?lock=5031,5,120
Sports & Outdoors Shorts 032,Trail running shorts,29.00,https://loremflickr.com/600/400/shorts?lock=5032,5,140
Sports & Outdoors Shirt 033,Moisture‑wicking tee,19.00,https://loremflickr.com/600/400/tshirt?lock=5033,5,180
Sports & Outdoors Fleece 034,Light fleece jacket,39.00,https://loremflickr.com/600/400/fleece?lock=5034,5,110
Sports & Outdoors Raincoat 035,Packable rain jacket,49.00,https://loremflickr.com/600/400/raincoat?lock=5035,5,90
Sports & Outdoors Gaiters 036,Waterproof boot gaiters,24.00,https://loremflickr.com/600/400/gaiters?lock=5036,5,100
Sports & Outdoors Stove Fuel 037,Isobutane fuel canister,6.00,https://loremflickr.com/600/400/fuel?lock=5037,5,300
Sports & Outdoors Fire Starter 038,Magnesium fire starter,9.00,https://loremflickr.com/600/400/fire?lock=5038,5,200
Sports & Outdoors Dry Bag 039,10L waterproof dry bag,14.00,https://loremflickr.com/600/400/drybag?lock=5039,5,180
Sports & Outdoors Rope 040,Paracord 50ft,9.00,https://loremflickr.com/600/400/rope?lock=5040,5,260
Sports & Outdoors Carabiner 041,Aluminum carabiners 6‑pc,8.00,https://loremflickr.com/600/400/carabiner?lock=5041,5,240
Sports & Outdoors Whistle 042,Emergency whistle,5.00,https://loremflickr.com/600/400/whistle?lock=5042,5,320
Sports & Outdoors Map Case 043,Waterproof map case,12.00,https://loremflickr.com/600/400/map?lock=5043,5,160
Sports & Outdoors Repair Kit 044,Mat/tent repair kit,9.00,https://loremflickr.com/600/400/repair?lock=5044,5,220
Sports & Outdoors Snowshoes 045,Aluminum snowshoes,89.00,https://loremflickr.com/600/400/snow?lock=5045,5,40
Sports & Outdoors Skis 046,All‑mountain skis,299.00,https://loremflickr.com/600/400/ski?lock=5046,5,25
Sports & Outdoors Poles 047,Ski poles adjustable,29.00,https://loremflickr.com/600/400/poles?lock=5047,5,120
Sports & Outdoors Goggles 048,Anti‑fog ski goggles,39.00,https://loremflickr.com/600/400/goggles?lock=5048,5,140
Sports & Outdoors Sled 049,Plastic snow sled,19.00,https://loremflickr.com/600/400/sled?lock=5049,5,170
Sports & Outdoors Ice Grips 050,Traction cleats,24.00,https://loremflickr.com/600/400/ice?lock=5050,5,160

Health & Beauty Skincare 001,Cleanser, toner, moisturizer set,59.00,https://loremflickr.com/600/400/skincare?lock=6001,6,110
Health & Beauty Shampoo 002,Sulfate‑free herbal shampoo,12.50,https://loremflickr.com/600/400/shampoo?lock=6002,6,220
Health & Beauty Perfume 003,Eau de parfum 50ml,69.00,https://loremflickr.com/600/400/perfume?lock=6003,6,95
Health & Beauty Conditioner 004,Nourishing conditioner 500ml,12.00,https://loremflickr.com/600/400/conditioner?lock=6004,6,210
Health & Beauty Body Wash 005,Refreshing body wash 1L,9.00,https://loremflickr.com/600/400/bodywash?lock=6005,6,230
Health & Beauty Lotion 006,Hydrating body lotion,12.00,https://loremflickr.com/600/400/lotion?lock=6006,6,200
Health & Beauty Face Cream 007,Anti‑aging face cream,29.00,https://loremflickr.com/600/400/facecream?lock=6007,6,140
Health & Beauty Sunscreen 008,SPF50 broad spectrum,14.00,https://loremflickr.com/600/400/sunscreen?lock=6008,6,210
Health & Beauty Lip Balm 009,Moisturizing lip balm,5.00,https://loremflickr.com/600/400/lipbalm?lock=6009,6,280
Health & Beauty Deodorant 010,Aluminum‑free deodorant,8.00,https://loremflickr.com/600/400/deodorant?lock=6010,6,260
Health & Beauty Toothpaste 011,Whitening toothpaste,4.00,https://loremflickr.com/600/400/toothpaste?lock=6011,6,300
Health & Beauty Mouthwash 012,Alcohol‑free mouthwash,6.00,https://loremflickr.com/600/400/mouthwash?lock=6012,6,240
Health & Beauty Floss 013,Dental floss 50m,3.00,https://loremflickr.com/600/400/floss?lock=6013,6,320
Health & Beauty Razor 014,5‑blade razor,9.00,https://loremflickr.com/600/400/razor?lock=6014,6,220
Health & Beauty Shaving Cream 015,Soothing shaving cream,6.00,https://loremflickr.com/600/400/shavingcream?lock=6015,6,240
Health & Beauty Beard Oil 016,Nourishing beard oil,10.00,https://loremflickr.com/600/400/beardoil?lock=6016,6,210
Health & Beauty Hair Oil 017,Argan hair oil,12.00,https://loremflickr.com/600/400/hairoil?lock=6017,6,200
Health & Beauty Hair Mask 018,Repair hair mask,14.00,https://loremflickr.com/600/400/hairmask?lock=6018,6,180
Health & Beauty Serum 019,Vitamin C face serum,19.00,https://loremflickr.com/600/400/serum?lock=6019,6,160
Health & Beauty Toner 020,Hydrating face toner,9.00,https://loremflickr.com/600/400/toner?lock=6020,6,200
Health & Beauty Cleanser 021,Gentle gel cleanser,8.00,https://loremflickr.com/600/400/cleanser?lock=6021,6,220
Health & Beauty Clay Mask 022,Purifying clay mask,11.00,https://loremflickr.com/600/400/claymask?lock=6022,6,170
Health & Beauty Sheet Mask 023,Hydrating sheet masks 5‑pc,10.00,https://loremflickr.com/600/400/sheetmask?lock=6023,6,200
Health & Beauty Nail Polish 024,Long‑wear nail polish,6.00,https://loremflickr.com/600/400/nailpolish?lock=6024,6,240
Health & Beauty Makeup Kit 025,Everyday makeup kit,29.00,https://loremflickr.com/600/400/makeup?lock=6025,6,140
Health & Beauty Brush Set 026,Makeup brush set 12‑pc,19.00,https://loremflickr.com/600/400/brushes?lock=6026,6,160
Health & Beauty Mirror 027,LED vanity mirror,24.00,https://loremflickr.com/600/400/mirror?lock=6027,6,130
Health & Beauty Straightener 028,Hair straightener ceramic,29.00,https://loremflickr.com/600/400/straightener?lock=6028,6,110
Health & Beauty Dryer 029,Hair dryer ionic,24.00,https://loremflickr.com/600/400/hairdryer?lock=6029,6,140
Health & Beauty Curler 030,Curling wand, ceramic barrel,24.00,https://loremflickr.com/600/400/curler?lock=6030,6,120
Health & Beauty Bath Salts 031,Relaxing bath salts,9.00,https://loremflickr.com/600/400/bath?lock=6031,6,200
Health & Beauty Loofah 032,Shower loofah set,6.00,https://loremflickr.com/600/400/loofah?lock=6032,6,260
Health & Beauty Cotton Pads 033,Makeup remover pads,4.00,https://loremflickr.com/600/400/cotton?lock=6033,6,300
Health & Beauty Tweezers 034,Stainless steel tweezers,5.00,https://loremflickr.com/600/400/tweezers?lock=6034,6,220
Health & Beauty Scissors 035,Grooming scissors,6.00,https://loremflickr.com/600/400/scissors?lock=6035,6,210
Health & Beauty Nail File 036,Glass nail file,4.00,https://loremflickr.com/600/400/nailfile?lock=6036,6,320
Health & Beauty Cuticle Oil 037,Nail cuticle oil,5.00,https://loremflickr.com/600/400/cuticle?lock=6037,6,240
Health & Beauty Hand Cream 038,Shea butter hand cream,7.00,https://loremflickr.com/600/400/handcream?lock=6038,6,260
Health & Beauty Foot Cream 039,Moisturizing foot cream,7.00,https://loremflickr.com/600/400/footcream?lock=6039,6,230
Health & Beauty Face Mask 040,Overnight hydrating mask,12.00,https://loremflickr.com/600/400/facemask?lock=6040,6,180
Health & Beauty Eye Cream 041,Under‑eye brightening cream,14.00,https://loremflickr.com/600/400/eyecream?lock=6041,6,170
Health & Beauty Toner Pads 042,Exfoliating toner pads,10.00,https://loremflickr.com/600/400/pads?lock=6042,6,190
Health & Beauty Lip Scrub 043,Sugar lip scrub,6.00,https://loremflickr.com/600/400/lipscrub?lock=6043,6,210
Health & Beauty Hair Brush 044,Detangling hair brush,7.00,https://loremflickr.com/600/400/hairbrush?lock=6044,6,250
Health & Beauty Bath Brush 045,Back scrub bath brush,9.00,https://loremflickr.com/600/400/brush?lock=6045,6,240
Health & Beauty Bath Bombs 046,Colorful bath bombs 6‑pc,12.00,https://loremflickr.com/600/400/bathbomb?lock=6046,6,220
Health & Beauty Dental Kit 047,Travel dental kit,6.00,https://loremflickr.com/600/400/dental?lock=6047,6,260
Health & Beauty Cotton Swabs 048,Swabs 300‑pc,3.00,https://loremflickr.com/600/400/swabs?lock=6048,6,340
Health & Beauty Face Razor 049,Eyebrow/face razors 3‑pc,5.00,https://loremflickr.com/600/400/facerazor?lock=6049,6,230
Health & Beauty Towels 050,Face towels 6‑pc,12.00,https://loremflickr.com/600/400/towels?lock=6050,6,240

Home Goods Pillow 001,Velvet throw pillow 18",17.99,https://loremflickr.com/600/400/pillow?lock=7001,7,140
Home Goods Lamp 002,Modern table lamp,34.50,https://loremflickr.com/600/400/lamp?lock=7002,7,90
Home Goods Rug 003,Woven area rug 5x7,79.00,https://loremflickr.com/600/400/rug?lock=7003,7,55
Home Goods Curtain 004,Blackout curtains 2‑pc,49.00,https://loremflickr.com/600/400/curtain?lock=7004,7,100
Home Goods Mirror 005,Wall mirror 24x36,69.00,https://loremflickr.com/600/400/mirror?lock=7005,7,60
Home Goods Frame 006,Photo frames set 10‑pc,24.00,https://loremflickr.com/600/400/frame?lock=7006,7,160
Home Goods Vase 007,Ceramic decorative vase,19.00,https://loremflickr.com/600/400/vase?lock=7007,7,150
Home Goods Clock 008,Wall clock silent sweep,29.00,https://loremflickr.com/600/400/clock?lock=7008,7,140
Home Goods Planter 009,Indoor planter pot,14.00,https://loremflickr.com/600/400/plant?lock=7009,7,170
Home Goods Blanket 010,Chunky knit throw,39.00,https://loremflickr.com/600/400/blanket?lock=7010,7,120
Home Goods Candle 011,Scented soy candles,19.00,https://loremflickr.com/600/400/candle?lock=7011,7,180
Home Goods Diffuser 012,Aroma diffuser,29.00,https://loremflickr.com/600/400/diffuser?lock=7012,7,110
Home Goods Tray 013,Decorative coffee table tray,24.00,https://loremflickr.com/600/400/tray?lock=7013,7,150
Home Goods Basket 014,Woven storage basket,19.00,https://loremflickr.com/600/400/basket?lock=7014,7,160
Home Goods Coasters 015,Marble coasters 6‑pc,14.00,https://loremflickr.com/600/400/coaster?lock=7015,7,190
Home Goods Bookshelf 016,5‑tier bookshelf,79.00,https://loremflickr.com/600/400/bookshelf?lock=7016,7,40
Home Goods Side Table 017,Round side table,49.00,https://loremflickr.com/600/400/table?lock=7017,7,60
Home Goods Floor Lamp 018,Arc floor lamp,69.00,https://loremflickr.com/600/400/floorlamp?lock=7018,7,45
Home Goods Wall Art 019,Abstract canvas art,59.00,https://loremflickr.com/600/400/art?lock=7019,7,70
Home Goods Shelf 020,Wall floating shelves,29.00,https://loremflickr.com/600/400/shelf?lock=7020,7,80
Home Goods Ottoman 021,Storage ottoman,49.00,https://loremflickr.com/600/400/ottoman?lock=7021,7,50
Home Goods Sofa Cover 022,Stretch sofa cover,39.00,https://loremflickr.com/600/400/sofa?lock=7022,7,70
Home Goods Mat 023,Door mat coir,14.00,https://loremflickr.com/600/400/mat?lock=7023,7,150
Home Goods Hangers 024,Velvet hangers 50‑pc,24.00,https://loremflickr.com/600/400/hanger?lock=7024,7,140
Home Goods Laundry Basket 025,Folding laundry basket,19.00,https://loremflickr.com/600/400/laundry?lock=7025,7,130
Home Goods Iron 026,Steam iron,29.00,https://loremflickr.com/600/400/iron?lock=7026,7,120
Home Goods Iron Board 027,Ironing board foldable,39.00,https://loremflickr.com/600/400/ironingboard?lock=7027,7,80
Home Goods Mop 028,Microfiber mop set,24.00,https://loremflickr.com/600/400/mop?lock=7028,7,180
Home Goods Broom 029,Angle broom + dustpan,14.00,https://loremflickr.com/600/400/broom?lock=7029,7,190
Home Goods Vacuum 030,Stick vacuum cleaner,89.00,https://loremflickr.com/600/400/vacuum?lock=7030,7,70
Home Goods Air Purifier 031,HEPA air purifier,119.00,https://loremflickr.com/600/400/airpurifier?lock=7031,7,60
Home Goods Humidifier 032,Ultrasonic humidifier,39.00,https://loremflickr.com/600/400/humidifier?lock=7032,7,90
Home Goods Dehumidifier 033,Mini dehumidifier,49.00,https://loremflickr.com/600/400/dehumidifier?lock=7033,7,80
Home Goods Fan 034,Tower fan with remote,59.00,https://loremflickr.com/600/400/fan?lock=7034,7,70
Home Goods Heater 035,Space heater ceramic,49.00,https://loremflickr.com/600/400/heater?lock=7035,7,80
Home Goods Scale 036,Digital bathroom scale,19.00,https://loremflickr.com/600/400/scale?lock=7036,7,200
Home Goods Mirror LED 037,LED bathroom mirror,89.00,https://loremflickr.com/600/400/mirror?lock=7037,7,45
Home Goods Soap Dispenser 038,Automatic soap dispenser,24.00,https://loremflickr.com/600/400/soap?lock=7038,7,140
Home Goods Toothbrush Holder 039,Wall toothbrush holder,14.00,https://loremflickr.com/600/400/toothbrush?lock=7039,7,150
Home Goods Shower Curtain 040,Waterproof shower curtain,19.00,https://loremflickr.com/600/400/shower?lock=7040,7,160
Home Goods Bath Mat 041,Memory foam bath mat,19.00,https://loremflickr.com/600/400/bathmat?lock=7041,7,170
Home Goods Towel Set 042,Cotton towel set 6‑pc,29.00,https://loremflickr.com/600/400/towel?lock=7042,7,150
Home Goods Soap Dish 043,Ceramic soap dish,8.00,https://loremflickr.com/600/400/soap?lock=7043,7,210
Home Goods Tissue Box 044,Wood tissue cover,12.00,https://loremflickr.com/600/400/tissue?lock=7044,7,220
Home Goods Storage Shelf 045,Bathroom storage shelf,34.00,https://loremflickr.com/600/400/shelf?lock=7045,7,100
Home Goods Laundry Rack 046,Folding drying rack,29.00,https://loremflickr.com/600/400/rack?lock=7046,7,140
Home Goods Shoe Rack 047,3‑tier shoe rack,24.00,https://loremflickr.com/600/400/shoerack?lock=7047,7,150
Home Goods Doormat 048,Rubber doormat,14.00,https://loremflickr.com/600/400/doormat?lock=7048,7,160
Home Goods Coat Rack 049,Wall coat hooks,19.00,https://loremflickr.com/600/400/coatrack?lock=7049,7,130
Home Goods Drawer Organizer 050,Drawer dividers set,19.00,https://loremflickr.com/600/400/organizer?lock=7050,7,170

Clothing & Apparel Jeans 001,Straight fit denim jeans,49.00,https://loremflickr.com/600/400/jeans?lock=8001,8,150
Clothing & Apparel T‑Shirt 002,Cotton crew neck T‑shirt,14.99,https://loremflickr.com/600/400/tshirt?lock=8002,8,320
Clothing & Apparel Hoodie 003,Soft fleece hoodie,39.50,https://loremflickr.com/600/400/hoodie?lock=8003,8,170
Clothing & Apparel Jacket 004,Lightweight windbreaker,59.00,https://loremflickr.com/600/400/jacket?lock=8004,8,120
Clothing & Apparel Coat 005,Wool blend coat,129.00,https://loremflickr.com/600/400/coat?lock=8005,8,60
Clothing & Apparel Skirt 006,High‑waist midi skirt,39.00,https://loremflickr.com/600/400/skirt?lock=8006,8,110
Clothing & Apparel Dress 007,Floral summer dress,59.00,https://loremflickr.com/600/400/dress?lock=8007,8,95
Clothing & Apparel Shorts 008,Cotton chino shorts,24.00,https://loremflickr.com/600/400/shorts?lock=8008,8,140
Clothing & Apparel Leggings 009,High‑waist leggings,29.00,https://loremflickr.com/600/400/leggings?lock=8009,8,170
Clothing & Apparel Sports Bra 010,Medium support bra,24.00,https://loremflickr.com/600/400/sportsbra?lock=8010,8,110
Clothing & Apparel Polo 011,Classic pique polo,29.00,https://loremflickr.com/600/400/polo?lock=8011,8,190
Clothing & Apparel Shirt 012,Oxford cotton shirt,39.00,https://loremflickr.com/600/400/shirt?lock=8012,8,180
Clothing & Apparel Blazer 013,Single‑breasted blazer,99.00,https://loremflickr.com/600/400/blazer?lock=8013,8,65
Clothing & Apparel Suit 014,Two‑piece suit,199.00,https://loremflickr.com/600/400/suit?lock=8014,8,40
Clothing & Apparel Sweater 015,Wool crew sweater,59.00,https://loremflickr.com/600/400/sweater?lock=8015,8,95
Clothing & Apparel Cardigan 016,Knit cardigan,49.00,https://loremflickr.com/600/400/cardigan?lock=8016,8,75
Clothing & Apparel Tracksuit 017,Zip hoodie + joggers,79.00,https://loremflickr.com/600/400/tracksuit?lock=8017,8,85
Clothing & Apparel Loafers 018,Leather loafers,79.00,https://loremflickr.com/600/400/loafers?lock=8018,8,70
Clothing & Apparel Running Shoes 019,Cushioned runners,79.00,https://loremflickr.com/600/400/runningshoes?lock=8019,8,160
Clothing & Apparel Hiking Boots 020,Waterproof boots,99.00,https://loremflickr.com/600/400/hikingboots?lock=8020,8,60
Clothing & Apparel Heels 021,Pointed toe heels,69.00,https://loremflickr.com/600/400/heels?lock=8021,8,90
Clothing & Apparel Flats 022,Ballet flats, round toe,29.00,https://loremflickr.com/600/400/flats?lock=8022,8,120
Clothing & Apparel Sandals 023,Flat sandals,24.99,https://loremflickr.com/600/400/sandals?lock=8023,8,140
Clothing & Apparel Slippers 024,Memory foam slippers,19.00,https://loremflickr.com/600/400/slippers?lock=8024,8,140
Clothing & Apparel Nightwear 025,Cotton pajama set,29.00,https://loremflickr.com/600/400/pajamas?lock=8025,8,130
Clothing & Apparel Socks 026,Ankle socks 6‑pack,12.00,https://loremflickr.com/600/400/socks?lock=8026,8,260
Clothing & Apparel Tie 027,Silk tie, classic width,19.00,https://loremflickr.com/600/400/tie?lock=8027,8,150
Clothing & Apparel Belt 028,Leather belt,29.00,https://loremflickr.com/600/400/belt?lock=8028,8,160
Clothing & Apparel Wallet 029,Bifold wallet,39.00,https://loremflickr.com/600/400/wallet?lock=8029,8,120
Clothing & Apparel Cap 030,Baseball cap,15.00,https://loremflickr.com/600/400/cap?lock=8030,8,180
Clothing & Apparel Scarf 031,Cashmere blend scarf,34.00,https://loremflickr.com/600/400/scarf?lock=8031,8,100
Clothing & Apparel Gloves 032,Leather gloves,29.00,https://loremflickr.com/600/400/gloves?lock=8032,8,90
Clothing & Apparel Beanie 033,Knit beanie,19.00,https://loremflickr.com/600/400/beanie?lock=8033,8,140
Clothing & Apparel Necklace 034,Pendant necklace,29.00,https://loremflickr.com/600/400/necklace?lock=8034,8,110
Clothing & Apparel Bracelet 035,Link bracelet,24.00,https://loremflickr.com/600/400/bracelet?lock=8035,8,140
Clothing & Apparel Earrings 036,Hoop earrings,19.00,https://loremflickr.com/600/400/earrings?lock=8036,8,150
Clothing & Apparel Watch 037,Minimal watch,99.00,https://loremflickr.com/600/400/watch?lock=8037,8,75
Clothing & Apparel Backpack 038,Canvas backpack,49.00,https://loremflickr.com/600/400/backpack?lock=8038,8,120
Clothing & Apparel Duffel 039,Weekend duffel,59.00,https://loremflickr.com/600/400/duffelbag?lock=8039,8,70
Clothing & Apparel Sunglasses 040,Wayfarer sunglasses,45.00,https://loremflickr.com/600/400/sunglasses?lock=8040,8,130
Clothing & Apparel Shoes 041,Leather oxfords,89.00,https://loremflickr.com/600/400/oxfords?lock=8041,8,60
Clothing & Apparel Boots 042,Chelsea boots,99.00,https://loremflickr.com/600/400/boots?lock=8042,8,70
Clothing & Apparel Raincoat 043,Packable raincoat,49.00,https://loremflickr.com/600/400/raincoat?lock=8043,8,90
Clothing & Apparel Vest 044,Light puffer vest,39.00,https://loremflickr.com/600/400/vest?lock=8044,8,110
Clothing & Apparel Coat 045,Trench coat,129.00,https://loremflickr.com/600/400/trenchcoat?lock=8045,8,50
Clothing & Apparel Blouse 046,Silky blouse,39.00,https://loremflickr.com/600/400/blouse?lock=8046,8,100
Clothing & Apparel Card Holder 047,Leather card holder,19.00,https://loremflickr.com/600/400/cardholder?lock=8047,8,140
Clothing & Apparel Crossbody 048,Crossbody bag,69.00,https://loremflickr.com/600/400/crossbody?lock=8048,8,80
Clothing & Apparel Tote 049,Canvas tote bag,24.00,https://loremflickr.com/600/400/tote?lock=8049,8,160
Clothing & Apparel Briefcase 050,Leather briefcase,129.00,https://loremflickr.com/600/400/briefcase?lock=8050,8,40

Toys & Games Blocks 001,Creative building blocks 500‑pc,29.99,https://loremflickr.com/600/400/blocks?lock=9001,9,190
Toys & Games Action Figure 002,Poseable action figure,19.50,https://loremflickr.com/600/400/actionfigure?lock=9002,9,150
Toys & Games Board Game 003,Strategy board game,34.00,https://loremflickr.com/600/400/boardgame?lock=9003,9,120
Toys & Games Doll 004,Classic doll with outfit,24.00,https://loremflickr.com/600/400/doll?lock=9004,9,140
Toys & Games Puzzle 005,1000‑piece jigsaw puzzle,19.00,https://loremflickr.com/600/400/puzzle?lock=9005,9,160
Toys & Games RC Car 006,Remote control car,29.00,https://loremflickr.com/600/400/rccar?lock=9006,9,130
Toys & Games Train Set 007,Wooden train set,24.00,https://loremflickr.com/600/400/train?lock=9007,9,150
Toys & Games Play Kitchen 008,Kids play kitchen set,59.00,https://loremflickr.com/600/400/kitchen?lock=9008,9,70
Toys & Games Nerf Blaster 009,Foam dart blaster,24.00,https://loremflickr.com/600/400/blaster?lock=9009,9,120
Toys & Games Kite 010,Delta stunt kite,19.00,https://loremflickr.com/600/400/kite?lock=9010,9,150
Toys & Games Yo‑Yo 011,Aluminum yo‑yo,12.00,https://loremflickr.com/600/400/yoyo?lock=9011,9,180
Toys & Games Marble Run 012,Marble run 200‑pc,29.00,https://loremflickr.com/600/400/marble?lock=9012,9,140
Toys & Games Robot Kit 013,STEM robot kit,39.00,https://loremflickr.com/600/400/robot?lock=9013,9,110
Toys & Games Telescope 014,Beginner telescope,49.00,https://loremflickr.com/600/400/telescope?lock=9014,9,80
Toys & Games Microscope 015,Kids microscope set,39.00,https://loremflickr.com/600/400/microscope?lock=9015,9,90
Toys & Games Slime Kit 016,DIY slime kit,14.00,https://loremflickr.com/600/400/slime?lock=9016,9,160
Toys & Games Craft Kit 017,Paper craft kit,12.00,https://loremflickr.com/600/400/craft?lock=9017,9,170
Toys & Games Paint Set 018,Washable paint set,16.00,https://loremflickr.com/600/400/paint?lock=9018,9,160
Toys & Games Blocks 019,Mega blocks 1000‑pc,39.00,https://loremflickr.com/600/400/blocks?lock=9019,9,110
Toys & Games Dollhouse 020,Wooden dollhouse,59.00,https://loremflickr.com/600/400/dollhouse?lock=9020,9,70
Toys & Games Puzzle 021,500‑pc puzzle,14.00,https://loremflickr.com/600/400/puzzle?lock=9021,9,170
Toys & Games Figurine Set 022,Fantasy figurine set,24.00,https://loremflickr.com/600/400/figurine?lock=9022,9,130
Toys & Games RC Drone 023,Mini RC drone,29.00,https://loremflickr.com/600/400/drone?lock=9023,9,90
Toys & Games Blocks 024,Classic blocks 300‑pc,24.00,https://loremflickr.com/600/400/blocks?lock=9024,9,150
Toys & Games Board Game 025,Family board game,29.00,https://loremflickr.com/600/400/boardgame?lock=9025,9,140
Toys & Games Card Game 026,Strategy card game,19.00,https://loremflickr.com/600/400/cards?lock=9026,9,150
Toys & Games Dice Set 027,Polyhedral dice set,9.00,https://loremflickr.com/600/400/dice?lock=9027,9,200
Toys & Games Plush Bear 028,Soft plush bear,19.00,https://loremflickr.com/600/400/plush?lock=9028,9,180
Toys & Games Plush Bunny 029,Plush bunny toy,19.00,https://loremflickr.com/600/400/plush?lock=9029,9,170
Toys & Games RC Boat 030,Remote control boat,29.00,https://loremflickr.com/600/400/boat?lock=9030,9,120
Toys & Games RC Helicopter 031,Remote helicopter,34.00,https://loremflickr.com/600/400/helicopter?lock=9031,9,110
Toys & Games Science Kit 032,Kids science kit,29.00,https://loremflickr.com/600/400/science?lock=9032,9,140
Toys & Games Math Game 033,Math puzzle game,19.00,https://loremflickr.com/600/400/math?lock=9033,9,160
Toys & Games Alphabet Set 034,Alphabet learning set,14.00,https://loremflickr.com/600/400/alphabet?lock=9034,9,170
Toys & Games Numbers Set 035,Numbers learning set,14.00,https://loremflickr.com/600/400/numbers?lock=9035,9,170
Toys & Games Train 036,Electric train set,49.00,https://loremflickr.com/600/400/train?lock=9036,9,90
Toys & Games Track 037,Track expansion pack,14.00,https://loremflickr.com/600/400/track?lock=9037,9,160
Toys & Games Marble Run 038,Marble run 300‑pc,34.00,https://loremflickr.com/600/400/marble?lock=9038,9,120
Toys & Games RC Truck 039,RC monster truck,39.00,https://loremflickr.com/600/400/truck?lock=9039,9,100
Toys & Games RC Tank 040,Remote control tank,39.00,https://loremflickr.com/600/400/tank?lock=9040,9,90
Toys & Games Puzzle 041,Kids floor puzzle,12.00,https://loremflickr.com/600/400/puzzle?lock=9041,9,190
Toys & Games Kite 042,Diamond kite,12.00,https://loremflickr.com/600/400/kite?lock=9042,9,200
Toys & Games Sand Kit 043,Sand play set,16.00,https://loremflickr.com/600/400/sand?lock=9043,9,150
Toys & Games Water Gun 044,Water blaster,14.00,https://loremflickr.com/600/400/watergun?lock=9044,9,150
Toys & Games Bubble Maker 045,Electric bubble maker,19.00,https://loremflickr.com/600/400/bubble?lock=9045,9,140
Toys & Games Scooter 046,Kids kick scooter,29.00,https://loremflickr.com/600/400/scooter?lock=9046,9,120
Toys & Games Skateboard 047,Mini skateboard,29.00,https://loremflickr.com/600/400/skateboard?lock=9047,9,110
Toys & Games Basketball Hoop 048,Door‑mounted hoop,19.00,https://loremflickr.com/600/400/basketball?lock=9048,9,150
Toys & Games Football 049,Soft foam football,14.00,https://loremflickr.com/600/400/football?lock=9049,9,160
Toys & Games Baseball Set 050,Bat & ball set,19.00,https://loremflickr.com/600/400/baseball?lock=9050,9,140

Sports & Fitness Dumbbells 001,Hex dumbbells 20lb pair,49.99,https://loremflickr.com/600/400/dumbbells?lock=10001,10,110
Sports & Fitness Treadmill 002,Compact foldable treadmill,399.00,https://loremflickr.com/600/400/treadmill?lock=10002,10,36
Sports & Fitness Fitness Tracker 003,Heart‑rate, sleep, steps,59.99,https://loremflickr.com/600/400/fitness?lock=10003,10,175
Sports & Fitness Kettlebell 004,Cast iron kettlebell 16kg,49.00,https://loremflickr.com/600/400/kettlebell?lock=10004,10,120
Sports & Fitness Barbell 005,Olympic barbell 20kg,129.00,https://loremflickr.com/600/400/barbell?lock=10005,10,60
Sports & Fitness Plates 006,Bumper plates 2x10kg,99.00,https://loremflickr.com/600/400/plates?lock=10006,10,70
Sports & Fitness Bench 007,Adjustable workout bench,119.00,https://loremflickr.com/600/400/bench?lock=10007,10,50
Sports & Fitness Rack 008,Squat rack, pull‑up bar,299.00,https://loremflickr.com/600/400/rack?lock=10008,10,30
Sports & Fitness Bands 009,Resistance bands set,19.00,https://loremflickr.com/600/400/bands?lock=10009,10,240
Sports & Fitness Rope 010,Speed jump rope,9.00,https://loremflickr.com/600/400/jumprope?lock=10010,10,260
Sports & Fitness Mat 011,Exercise mat 8mm,24.00,https://loremflickr.com/600/400/mat?lock=10011,10,200
Sports & Fitness Ball 012,Stability ball 65cm,19.00,https://loremflickr.com/600/400/ball?lock=10012,10,220
Sports & Fitness Wheel 013,Ab roller wheel,14.00,https://loremflickr.com/600/400/abroller?lock=10013,10,230
Sports & Fitness Grips 014,Hand grip strengthener,12.00,https://loremflickr.com/600/400/grip?lock=10014,10,240
Sports & Fitness Push Up Bars 015,Push‑up bars, non‑slip,14.00,https://loremflickr.com/600/400/pushup?lock=10015,10,220
Sports & Fitness Dip Station 016,Home dip station,129.00,https://loremflickr.com/600/400/dip?lock=10016,10,40
Sports & Fitness Pull‑Up Bar 017,Doorframe pull‑up bar,29.00,https://loremflickr.com/600/400/pullup?lock=10017,10,140
Sports & Fitness Bike 018,Indoor cycling bike,199.00,https://loremflickr.com/600/400/exercisebike?lock=10018,10,45
Sports & Fitness Rower 019,Magnetic rowing machine,249.00,https://loremflickr.com/600/400/rower?lock=10019,10,35
Sports & Fitness Elliptical 020,Compact elliptical,279.00,https://loremflickr.com/600/400/elliptical?lock=10020,10,30
Sports & Fitness Ski Trainer 021,Cardio ski trainer,299.00,https://loremflickr.com/600/400/ski?lock=10021,10,20
Sports & Fitness Stepper 022,Mini stepper,89.00,https://loremflickr.com/600/400/stepper?lock=10022,10,70
Sports & Fitness Bench Press 023,Flat bench press,149.00,https://loremflickr.com/600/400/bench?lock=10023,10,40
Sports & Fitness Smith Machine 024,Multi‑function smith machine,699.00,https://loremflickr.com/600/400/smith?lock=10024,10,10
Sports & Fitness Medicine Ball 025,Medicine ball 6kg,24.00,https://loremflickr.com/600/400/medicineball?lock=10025,10,120
Sports & Fitness Foam Roller 026,High‑density foam roller,19.00,https://loremflickr.com/600/400/foamroller?lock=10026,10,180
Sports & Fitness Ankle Weights 027,Pair 2x1.5kg,16.00,https://loremflickr.com/600/400/ankleweights?lock=10027,10,160
Sports & Fitness Weight Belt 028,Lifting belt leather,34.00,https://loremflickr.com/600/400/weightbelt?lock=10028,10,80
Sports & Fitness Chalk 029,Gym chalk blocks,9.00,https://loremflickr.com/600/400/chalk?lock=10029,10,200
Sports & Fitness Straps 030,Lifting straps,12.00,https://loremflickr.com/600/400/straps?lock=10030,10,170
Sports & Fitness Gloves 031,Training gloves,14.00,https://loremflickr.com/600/400/gloves?lock=10031,10,160
Sports & Fitness Timer 032,Interval timer,19.00,https://loremflickr.com/600/400/timer?lock=10032,10,150
Sports & Fitness Bottle 033,Shaker bottle 700ml,9.00,https://loremflickr.com/600/400/bottle?lock=10033,10,260
Sports & Fitness Gym Bag 034,Training gym bag,29.00,https://loremflickr.com/600/400/bag?lock=10034,10,120
Sports & Fitness Spring Bar 035,Chest expander,14.00,https://loremflickr.com/600/400/expander?lock=10035,10,160
Sports & Fitness Parallettes 036,Push‑up parallettes,29.00,https://loremflickr.com/600/400/parallettes?lock=10036,10,110
Sports & Fitness Plyo Box 037,Plyometric box 50cm,69.00,https://loremflickr.com/600/400/plyo?lock=10037,10,70
Sports & Fitness Battle Rope 038,Battle rope 9m,59.00,https://loremflickr.com/600/400/rope?lock=10038,10,80
Sports & Fitness Sled 039,Training sled,129.00,https://loremflickr.com/600/400/sled?lock=10039,10,25
Sports & Fitness Agility Ladder 040,Agility ladder,12.00,https://loremflickr.com/600/400/ladder?lock=10040,10,190
Sports & Fitness Cones 041,Training cones 12‑pc,9.00,https://loremflickr.com/600/400/cones?lock=10041,10,220
Sports & Fitness Bands Loop 042,Mini loop bands set,9.00,https://loremflickr.com/600/400/bands?lock=10042,10,240
Sports & Fitness Massage Ball 043,Massage ball,6.00,https://loremflickr.com/600/400/massage?lock=10043,10,230
Sports & Fitness Gym Rings 044,Wooden gym rings,39.00,https://loremflickr.com/600/400/rings?lock=10044,10,60
Sports & Fitness Slant Board 045,Calf stretch board,39.00,https://loremflickr.com/600/400/board?lock=10045,10,70
Sports & Fitness Wrist Wraps 046,Wrist wraps pair,9.00,https://loremflickr.com/600/400/wristwraps?lock=10046,10,220
Sports & Fitness Knee Sleeves 047,Knee sleeves pair,19.00,https://loremflickr.com/600/400/kneesleeves?lock=10047,10,180
Sports & Fitness Elbow Sleeves 048,Elbow sleeves pair,19.00,https://loremflickr.com/600/400/elbowsleeves?lock=10048,10,170
Sports & Fitness Weight Tree 049,Plate storage tree,59.00,https://loremflickr.com/600/400/weightrack?lock=10049,10,40
Sports & Fitness Bar Pad 050,Barbell pad,9.00,https://loremflickr.com/600/400/barbell?lock=10050,10,220 